0,킫
1,
2,Ƃ
3,Ȃɂ
4,Q
5,
6,ɓ
7,{
8,Fs{
9,l
10,
11,R
12,
13,
14,
15,
16,
17,v
18,{
19,{
20,s
21,
22,H
23,FJ
24,F{
25,Qn
26,L
27,
28,
29,m
30,
31,
32,
33,Dy
34,O
35,Od
36,R`
37,R
38,R
39,
40,
41,
42,Hc
43,Ku
44,t
45,
46,
47,{
48,
49,Ó
50,V
51,_
52,zK
53,zK
54,
55,c
56,X
57,É
58,ΐ
59,
60,t
61,z
62,
63,q~
64,
65,
66,Y
67,
68,эL
69,{
70,
71,啪
72,}L
73,
74,
75,
76,
77,yY
78,
79,
80,Ȗ
81,ޗ
82,ߐ{
83,
84,
85,q
86,
87,
88,q
89,PH
90,i
91,l
92,xR
93,xmR
94,
95,
96,R
97,
98,L
99,Lc
100,kB
101,k
102,É
103,c
104,鎭
105,n
106,a̎R
107,a
108,
109,
110,SR
111,O
112,zJ
113,
114,
115,cJ
116,t
117,
